{
  "UC_02_LoginUser" : {
    "transaction" : "UC_02_LoginUser",
    "sampleCount" : 1322,
    "errorCount" : 0,
    "errorPct" : 0.0,
    "meanResTime" : 209.01285930408469,
    "medianResTime" : 200.0,
    "minResTime" : 82.0,
    "maxResTime" : 461.0,
    "pct1ResTime" : 339.0,
    "pct2ResTime" : 357.0,
    "pct3ResTime" : 396.53999999999996,
    "throughput" : 7.29532260556696,
    "receivedKBytesPerSec" : 3.4980501946615017,
    "sentKBytesPerSec" : 1.4961110812197869
  },
  "UC_01_RegisterUser" : {
    "transaction" : "UC_01_RegisterUser",
    "sampleCount" : 1328,
    "errorCount" : 0,
    "errorPct" : 0.0,
    "meanResTime" : 215.43298192771056,
    "medianResTime" : 202.5,
    "minResTime" : 0.0,
    "maxResTime" : 1187.0,
    "pct1ResTime" : 347.0,
    "pct2ResTime" : 366.54999999999995,
    "pct3ResTime" : 417.4200000000001,
    "throughput" : 7.2287451486301855,
    "receivedKBytesPerSec" : 2.7610026753977714,
    "sentKBytesPerSec" : 2.1270989999237933
  },
  "POST /api/login" : {
    "transaction" : "POST /api/login",
    "sampleCount" : 1322,
    "errorCount" : 0,
    "errorPct" : 0.0,
    "meanResTime" : 209.01285930408469,
    "medianResTime" : 200.0,
    "minResTime" : 82.0,
    "maxResTime" : 461.0,
    "pct1ResTime" : 339.0,
    "pct2ResTime" : 357.0,
    "pct3ResTime" : 396.53999999999996,
    "throughput" : 7.295403123447933,
    "receivedKBytesPerSec" : 3.498088802356382,
    "sentKBytesPerSec" : 1.4961275936758456
  },
  "Total" : {
    "transaction" : "Total",
    "sampleCount" : 3966,
    "errorCount" : 0,
    "errorPct" : 0.0,
    "meanResTime" : 182.2002017145742,
    "medianResTime" : 168.0,
    "minResTime" : 9.0,
    "maxResTime" : 1187.0,
    "pct1ResTime" : 327.0,
    "pct2ResTime" : 351.0,
    "pct3ResTime" : 394.0,
    "throughput" : 21.65698309379232,
    "receivedKBytesPerSec" : 9.206541795561028,
    "sentKBytesPerSec" : 5.689299927851012
  },
  "GET /api/user-info" : {
    "transaction" : "GET /api/user-info",
    "sampleCount" : 1319,
    "errorCount" : 0,
    "errorPct" : 0.0,
    "meanResTime" : 121.4541319181198,
    "medianResTime" : 104.0,
    "minResTime" : 9.0,
    "maxResTime" : 358.0,
    "pct1ResTime" : 248.0,
    "pct2ResTime" : 266.0,
    "pct3ResTime" : 308.0,
    "throughput" : 7.280816511280022,
    "receivedKBytesPerSec" : 3.007602914327587,
    "sentKBytesPerSec" : 2.0975008504175845
  },
  "POST /api/register" : {
    "transaction" : "POST /api/register",
    "sampleCount" : 1325,
    "errorCount" : 0,
    "errorPct" : 0.0,
    "meanResTime" : 215.91924528301877,
    "medianResTime" : 203.0,
    "minResTime" : 89.0,
    "maxResTime" : 1187.0,
    "pct1ResTime" : 347.0,
    "pct2ResTime" : 366.70000000000005,
    "pct3ResTime" : 417.48,
    "throughput" : 7.235376348783365,
    "receivedKBytesPerSec" : 2.769792508518632,
    "sentKBytesPerSec" : 2.133870759113844
  },
  "UC_03_GetUserInfo" : {
    "transaction" : "UC_03_GetUserInfo",
    "sampleCount" : 1319,
    "errorCount" : 0,
    "errorPct" : 0.0,
    "meanResTime" : 121.4541319181198,
    "medianResTime" : 104.0,
    "minResTime" : 9.0,
    "maxResTime" : 358.0,
    "pct1ResTime" : 248.0,
    "pct2ResTime" : 266.0,
    "pct3ResTime" : 308.0,
    "throughput" : 7.280776321745178,
    "receivedKBytesPerSec" : 3.0075863125959086,
    "sentKBytesPerSec" : 2.097489272377761
  }
}