{
  "UC_02_LoginUser" : {
    "transaction" : "UC_02_LoginUser",
    "sampleCount" : 1333,
    "errorCount" : 0,
    "errorPct" : 0.0,
    "meanResTime" : 210.6406601650412,
    "medianResTime" : 199.0,
    "minResTime" : 82.0,
    "maxResTime" : 524.0,
    "pct1ResTime" : 353.0,
    "pct2ResTime" : 380.0,
    "pct3ResTime" : 414.32000000000016,
    "throughput" : 7.321882707064271,
    "receivedKBytesPerSec" : 3.510785555828669,
    "sentKBytesPerSec" : 1.501557977034665
  },
  "UC_01_RegisterUser" : {
    "transaction" : "UC_01_RegisterUser",
    "sampleCount" : 1336,
    "errorCount" : 0,
    "errorPct" : 0.0,
    "meanResTime" : 212.29266467065867,
    "medianResTime" : 196.0,
    "minResTime" : 0.0,
    "maxResTime" : 1130.0,
    "pct1ResTime" : 350.29999999999995,
    "pct2ResTime" : 378.14999999999986,
    "pct3ResTime" : 431.6299999999999,
    "throughput" : 7.281169783145399,
    "receivedKBytesPerSec" : 2.7831501686768,
    "sentKBytesPerSec" : 2.1441616095418206
  },
  "POST /api/login" : {
    "transaction" : "POST /api/login",
    "sampleCount" : 1333,
    "errorCount" : 0,
    "errorPct" : 0.0,
    "meanResTime" : 210.6399099774944,
    "medianResTime" : 199.0,
    "minResTime" : 82.0,
    "maxResTime" : 524.0,
    "pct1ResTime" : 353.0,
    "pct2ResTime" : 380.0,
    "pct3ResTime" : 414.32000000000016,
    "throughput" : 7.321882707064271,
    "receivedKBytesPerSec" : 3.510785555828669,
    "sentKBytesPerSec" : 1.501557977034665
  },
  "Total" : {
    "transaction" : "Total",
    "sampleCount" : 3995,
    "errorCount" : 0,
    "errorPct" : 0.0,
    "meanResTime" : 180.7331664580728,
    "medianResTime" : 167.0,
    "minResTime" : 9.0,
    "maxResTime" : 1130.0,
    "pct1ResTime" : 328.0,
    "pct2ResTime" : 365.0,
    "pct3ResTime" : 414.03999999999996,
    "throughput" : 21.8049832164397,
    "receivedKBytesPerSec" : 9.270054776833229,
    "sentKBytesPerSec" : 5.727549856043446
  },
  "GET /api/user-info" : {
    "transaction" : "GET /api/user-info",
    "sampleCount" : 1328,
    "errorCount" : 0,
    "errorPct" : 0.0,
    "meanResTime" : 118.69277108433732,
    "medianResTime" : 101.5,
    "minResTime" : 9.0,
    "maxResTime" : 428.0,
    "pct1ResTime" : 250.0,
    "pct2ResTime" : 274.54999999999995,
    "pct3ResTime" : 324.4200000000001,
    "throughput" : 7.334544711450837,
    "receivedKBytesPerSec" : 3.029797278265336,
    "sentKBytesPerSec" : 2.112979189333981
  },
  "POST /api/register" : {
    "transaction" : "POST /api/register",
    "sampleCount" : 1334,
    "errorCount" : 0,
    "errorPct" : 0.0,
    "meanResTime" : 212.61019490254887,
    "medianResTime" : 196.0,
    "minResTime" : 87.0,
    "maxResTime" : 1130.0,
    "pct1ResTime" : 350.5,
    "pct2ResTime" : 378.25,
    "pct3ResTime" : 431.6500000000001,
    "throughput" : 7.289020025680955,
    "receivedKBytesPerSec" : 2.790327978580991,
    "sentKBytesPerSec" : 2.1496914528863758
  },
  "UC_03_GetUserInfo" : {
    "transaction" : "UC_03_GetUserInfo",
    "sampleCount" : 1328,
    "errorCount" : 0,
    "errorPct" : 0.0,
    "meanResTime" : 118.69352409638557,
    "medianResTime" : 101.5,
    "minResTime" : 9.0,
    "maxResTime" : 428.0,
    "pct1ResTime" : 250.0,
    "pct2ResTime" : 274.54999999999995,
    "pct3ResTime" : 324.4200000000001,
    "throughput" : 7.334504202980194,
    "receivedKBytesPerSec" : 3.0297805447857638,
    "sentKBytesPerSec" : 2.1129675194132393
  }
}