{
  "UC_02_LoginUser" : {
    "transaction" : "UC_02_LoginUser",
    "sampleCount" : 1323,
    "errorCount" : 1,
    "errorPct" : 0.07558579,
    "meanResTime" : 210.22524565381715,
    "medianResTime" : 195.0,
    "minResTime" : 82.0,
    "maxResTime" : 558.0,
    "pct1ResTime" : 347.0,
    "pct2ResTime" : 370.0,
    "pct3ResTime" : 421.76,
    "throughput" : 7.298625784064391,
    "receivedKBytesPerSec" : 3.498879803342583,
    "sentKBytesPerSec" : 1.4967884908725804
  },
  "UC_01_RegisterUser" : {
    "transaction" : "UC_01_RegisterUser",
    "sampleCount" : 1332,
    "errorCount" : 1,
    "errorPct" : 0.075075075,
    "meanResTime" : 214.78378378378372,
    "medianResTime" : 202.0,
    "minResTime" : 0.0,
    "maxResTime" : 1063.0,
    "pct1ResTime" : 343.0,
    "pct2ResTime" : 370.3499999999999,
    "pct3ResTime" : 423.72000000000116,
    "throughput" : 7.252650320978781,
    "receivedKBytesPerSec" : 2.7699552954012097,
    "sentKBytesPerSec" : 2.1341477421225434
  },
  "POST /api/login" : {
    "transaction" : "POST /api/login",
    "sampleCount" : 1323,
    "errorCount" : 1,
    "errorPct" : 0.07558579,
    "meanResTime" : 210.22448979591852,
    "medianResTime" : 195.0,
    "minResTime" : 82.0,
    "maxResTime" : 558.0,
    "pct1ResTime" : 347.0,
    "pct2ResTime" : 370.0,
    "pct3ResTime" : 421.76,
    "throughput" : 7.298706313960223,
    "receivedKBytesPerSec" : 3.4989184084765403,
    "sentKBytesPerSec" : 1.496805005792624
  },
  "Total" : {
    "transaction" : "Total",
    "sampleCount" : 3974,
    "errorCount" : 3,
    "errorPct" : 0.07549069,
    "meanResTime" : 182.01308505284274,
    "medianResTime" : 168.0,
    "minResTime" : 3.0,
    "maxResTime" : 1063.0,
    "pct1ResTime" : 325.5,
    "pct2ResTime" : 356.25,
    "pct3ResTime" : 406.0,
    "throughput" : 21.707069272534603,
    "receivedKBytesPerSec" : 9.225361482924937,
    "sentKBytesPerSec" : 5.7025853872614345
  },
  "GET /api/user-info" : {
    "transaction" : "GET /api/user-info",
    "sampleCount" : 1322,
    "errorCount" : 1,
    "errorPct" : 0.075642966,
    "meanResTime" : 120.34871406959142,
    "medianResTime" : 105.0,
    "minResTime" : 3.0,
    "maxResTime" : 427.0,
    "pct1ResTime" : 246.0,
    "pct2ResTime" : 270.0,
    "pct3ResTime" : 306.77,
    "throughput" : 7.293632140532071,
    "receivedKBytesPerSec" : 3.012185679350525,
    "sentKBytesPerSec" : 2.100508600844671
  },
  "POST /api/register" : {
    "transaction" : "POST /api/register",
    "sampleCount" : 1329,
    "errorCount" : 1,
    "errorPct" : 0.075244546,
    "meanResTime" : 215.26862302483076,
    "medianResTime" : 202.0,
    "minResTime" : 83.0,
    "maxResTime" : 1063.0,
    "pct1ResTime" : 343.0,
    "pct2ResTime" : 370.5,
    "pct3ResTime" : 424.2000000000007,
    "throughput" : 7.259359603220556,
    "receivedKBytesPerSec" : 2.7787762308547364,
    "sentKBytesPerSec" : 2.1409439454810624
  },
  "UC_03_GetUserInfo" : {
    "transaction" : "UC_03_GetUserInfo",
    "sampleCount" : 1322,
    "errorCount" : 1,
    "errorPct" : 0.075642966,
    "meanResTime" : 120.34871406959142,
    "medianResTime" : 105.0,
    "minResTime" : 3.0,
    "maxResTime" : 427.0,
    "pct1ResTime" : 246.0,
    "pct2ResTime" : 270.0,
    "pct3ResTime" : 306.77,
    "throughput" : 7.293591900913078,
    "receivedKBytesPerSec" : 3.012169060853494,
    "sentKBytesPerSec" : 2.100497012151389
  }
}