{
  "UC_02_LoginUser" : {
    "transaction" : "UC_02_LoginUser",
    "sampleCount" : 1313,
    "errorCount" : 2,
    "errorPct" : 0.15232292,
    "meanResTime" : 211.7623762376236,
    "medianResTime" : 197.0,
    "minResTime" : 44.0,
    "maxResTime" : 490.0,
    "pct1ResTime" : 345.60000000000014,
    "pct2ResTime" : 382.5999999999999,
    "pct3ResTime" : 444.0,
    "throughput" : 7.239065592660591,
    "receivedKBytesPerSec" : 3.4695678321259034,
    "sentKBytesPerSec" : 1.4845739984948476
  },
  "UC_01_RegisterUser" : {
    "transaction" : "UC_01_RegisterUser",
    "sampleCount" : 1320,
    "errorCount" : 2,
    "errorPct" : 0.15151516,
    "meanResTime" : 215.1757575757578,
    "medianResTime" : 200.0,
    "minResTime" : 0.0,
    "maxResTime" : 1188.0,
    "pct1ResTime" : 353.0,
    "pct2ResTime" : 382.95000000000005,
    "pct3ResTime" : 452.89999999999964,
    "throughput" : 7.180703491345077,
    "receivedKBytesPerSec" : 2.735730731778965,
    "sentKBytesPerSec" : 2.1081204168615972
  },
  "POST /api/login" : {
    "transaction" : "POST /api/login",
    "sampleCount" : 1313,
    "errorCount" : 2,
    "errorPct" : 0.15232292,
    "meanResTime" : 211.7623762376236,
    "medianResTime" : 197.0,
    "minResTime" : 44.0,
    "maxResTime" : 490.0,
    "pct1ResTime" : 345.60000000000014,
    "pct2ResTime" : 382.5999999999999,
    "pct3ResTime" : 444.0,
    "throughput" : 7.2391055045871555,
    "receivedKBytesPerSec" : 3.469586961271061,
    "sentKBytesPerSec" : 1.4845821835579127
  },
  "Total" : {
    "transaction" : "Total",
    "sampleCount" : 3938,
    "errorCount" : 6,
    "errorPct" : 0.1523616,
    "meanResTime" : 183.37353986795364,
    "medianResTime" : 167.0,
    "minResTime" : 2.0,
    "maxResTime" : 1188.0,
    "pct1ResTime" : 330.0,
    "pct2ResTime" : 364.0,
    "pct3ResTime" : 430.0,
    "throughput" : 21.55162978043388,
    "receivedKBytesPerSec" : 9.158600368588692,
    "sentKBytesPerSec" : 5.660053080397211
  },
  "GET /api/user-info" : {
    "transaction" : "GET /api/user-info",
    "sampleCount" : 1311,
    "errorCount" : 2,
    "errorPct" : 0.1525553,
    "meanResTime" : 122.08161708619394,
    "medianResTime" : 105.0,
    "minResTime" : 2.0,
    "maxResTime" : 378.0,
    "pct1ResTime" : 257.0,
    "pct2ResTime" : 279.7999999999997,
    "pct3ResTime" : 339.0,
    "throughput" : 7.228636649353228,
    "receivedKBytesPerSec" : 2.9846266117626628,
    "sentKBytesPerSec" : 2.0811008766307166
  },
  "POST /api/register" : {
    "transaction" : "POST /api/register",
    "sampleCount" : 1314,
    "errorCount" : 2,
    "errorPct" : 0.152207,
    "meanResTime" : 216.15829528158312,
    "medianResTime" : 200.0,
    "minResTime" : 51.0,
    "maxResTime" : 1188.0,
    "pct1ResTime" : 353.0,
    "pct2ResTime" : 383.0,
    "pct3ResTime" : 453.4999999999991,
    "throughput" : 7.20398686396307,
    "receivedKBytesPerSec" : 2.757133742509553,
    "sentKBytesPerSec" : 2.1246133133953586
  },
  "UC_03_GetUserInfo" : {
    "transaction" : "UC_03_GetUserInfo",
    "sampleCount" : 1311,
    "errorCount" : 2,
    "errorPct" : 0.1525553,
    "meanResTime" : 122.08161708619394,
    "medianResTime" : 105.0,
    "minResTime" : 2.0,
    "maxResTime" : 378.0,
    "pct1ResTime" : 257.0,
    "pct2ResTime" : 279.7999999999997,
    "pct3ResTime" : 339.0,
    "throughput" : 7.228596792068944,
    "receivedKBytesPerSec" : 2.984610155117086,
    "sentKBytesPerSec" : 2.081089401848778
  }
}