{
  "UC_02_LoginUser" : {
    "transaction" : "UC_02_LoginUser",
    "sampleCount" : 1326,
    "errorCount" : 0,
    "errorPct" : 0.0,
    "meanResTime" : 211.9841628959279,
    "medianResTime" : 200.0,
    "minResTime" : 83.0,
    "maxResTime" : 458.0,
    "pct1ResTime" : 351.29999999999995,
    "pct2ResTime" : 377.0,
    "pct3ResTime" : 415.0,
    "throughput" : 7.283873306746646,
    "receivedKBytesPerSec" : 3.492560345324808,
    "sentKBytesPerSec" : 1.4937630804851523
  },
  "UC_01_RegisterUser" : {
    "transaction" : "UC_01_RegisterUser",
    "sampleCount" : 1329,
    "errorCount" : 0,
    "errorPct" : 0.0,
    "meanResTime" : 214.26109857035377,
    "medianResTime" : 203.0,
    "minResTime" : 0.0,
    "maxResTime" : 941.0,
    "pct1ResTime" : 349.0,
    "pct2ResTime" : 374.0,
    "pct3ResTime" : 429.4000000000001,
    "throughput" : 7.243691066659399,
    "receivedKBytesPerSec" : 2.768802460892789,
    "sentKBytesPerSec" : 2.1331080183408733
  },
  "POST /api/login" : {
    "transaction" : "POST /api/login",
    "sampleCount" : 1326,
    "errorCount" : 0,
    "errorPct" : 0.0,
    "meanResTime" : 211.9841628959279,
    "medianResTime" : 200.0,
    "minResTime" : 83.0,
    "maxResTime" : 458.0,
    "pct1ResTime" : 351.29999999999995,
    "pct2ResTime" : 377.0,
    "pct3ResTime" : 415.0,
    "throughput" : 7.283833295797239,
    "receivedKBytesPerSec" : 3.492541160387153,
    "sentKBytesPerSec" : 1.4937548751146683
  },
  "Total" : {
    "transaction" : "Total",
    "sampleCount" : 3975,
    "errorCount" : 0,
    "errorPct" : 0.0,
    "meanResTime" : 182.73987421383683,
    "medianResTime" : 168.0,
    "minResTime" : 9.0,
    "maxResTime" : 941.0,
    "pct1ResTime" : 331.0,
    "pct2ResTime" : 362.0,
    "pct3ResTime" : 408.2399999999998,
    "throughput" : 21.70387721338597,
    "receivedKBytesPerSec" : 9.227005834111397,
    "sentKBytesPerSec" : 5.701128226233572
  },
  "GET /api/user-info" : {
    "transaction" : "GET /api/user-info",
    "sampleCount" : 1322,
    "errorCount" : 0,
    "errorPct" : 0.0,
    "meanResTime" : 121.44251134644465,
    "medianResTime" : 105.0,
    "minResTime" : 9.0,
    "maxResTime" : 388.0,
    "pct1ResTime" : 252.0,
    "pct2ResTime" : 280.0,
    "pct3ResTime" : 323.77,
    "throughput" : 7.263496807797545,
    "receivedKBytesPerSec" : 3.0004483883773063,
    "sentKBytesPerSec" : 2.0925112874026133
  },
  "POST /api/register" : {
    "transaction" : "POST /api/register",
    "sampleCount" : 1327,
    "errorCount" : 0,
    "errorPct" : 0.0,
    "meanResTime" : 214.58402411454412,
    "medianResTime" : 203.0,
    "minResTime" : 88.0,
    "maxResTime" : 941.0,
    "pct1ResTime" : 349.0,
    "pct2ResTime" : 374.0,
    "pct3ResTime" : 429.44000000000005,
    "throughput" : 7.25906151876853,
    "receivedKBytesPerSec" : 2.778859487653578,
    "sentKBytesPerSec" : 2.1408560338555627
  },
  "UC_03_GetUserInfo" : {
    "transaction" : "UC_03_GetUserInfo",
    "sampleCount" : 1322,
    "errorCount" : 0,
    "errorPct" : 0.0,
    "meanResTime" : 121.44251134644465,
    "medianResTime" : 105.0,
    "minResTime" : 9.0,
    "maxResTime" : 388.0,
    "pct1ResTime" : 252.0,
    "pct2ResTime" : 280.0,
    "pct3ResTime" : 323.77,
    "throughput" : 7.263496807797545,
    "receivedKBytesPerSec" : 3.0004483883773063,
    "sentKBytesPerSec" : 2.0925112874026133
  }
}