{
  "UC_02_LoginUser" : {
    "transaction" : "UC_02_LoginUser",
    "sampleCount" : 1319,
    "errorCount" : 0,
    "errorPct" : 0.0,
    "meanResTime" : 211.316906747536,
    "medianResTime" : 197.0,
    "minResTime" : 82.0,
    "maxResTime" : 548.0,
    "pct1ResTime" : 342.0,
    "pct2ResTime" : 379.0,
    "pct3ResTime" : 438.5999999999999,
    "throughput" : 7.279852084885614,
    "receivedKBytesPerSec" : 3.4906322008582387,
    "sentKBytesPerSec" : 1.4929384158456827
  },
  "UC_01_RegisterUser" : {
    "transaction" : "UC_01_RegisterUser",
    "sampleCount" : 1326,
    "errorCount" : 0,
    "errorPct" : 0.0,
    "meanResTime" : 214.59803921568596,
    "medianResTime" : 202.5,
    "minResTime" : 0.0,
    "maxResTime" : 1080.0,
    "pct1ResTime" : 343.0,
    "pct2ResTime" : 370.0,
    "pct3ResTime" : 441.9200000000001,
    "throughput" : 7.2276153774875596,
    "receivedKBytesPerSec" : 2.7626483269106035,
    "sentKBytesPerSec" : 2.128366823283169
  },
  "POST /api/login" : {
    "transaction" : "POST /api/login",
    "sampleCount" : 1319,
    "errorCount" : 0,
    "errorPct" : 0.0,
    "meanResTime" : 211.316906747536,
    "medianResTime" : 197.0,
    "minResTime" : 82.0,
    "maxResTime" : 548.0,
    "pct1ResTime" : 342.0,
    "pct2ResTime" : 379.0,
    "pct3ResTime" : 438.5999999999999,
    "throughput" : 7.279852084885614,
    "receivedKBytesPerSec" : 3.4906322008582387,
    "sentKBytesPerSec" : 1.4929384158456827
  },
  "Total" : {
    "transaction" : "Total",
    "sampleCount" : 3961,
    "errorCount" : 0,
    "errorPct" : 0.0,
    "meanResTime" : 182.3837414794244,
    "medianResTime" : 169.0,
    "minResTime" : 9.0,
    "maxResTime" : 1080.0,
    "pct1ResTime" : 324.0,
    "pct2ResTime" : 356.0,
    "pct3ResTime" : 425.90000000000055,
    "throughput" : 21.621533103708032,
    "receivedKBytesPerSec" : 9.190877639576522,
    "sentKBytesPerSec" : 5.680616358346479
  },
  "GET /api/user-info" : {
    "transaction" : "GET /api/user-info",
    "sampleCount" : 1318,
    "errorCount" : 0,
    "errorPct" : 0.0,
    "meanResTime" : 120.7420333839149,
    "medianResTime" : 103.0,
    "minResTime" : 9.0,
    "maxResTime" : 449.0,
    "pct1ResTime" : 246.0,
    "pct2ResTime" : 274.0,
    "pct3ResTime" : 336.2399999999998,
    "throughput" : 7.275577685284344,
    "receivedKBytesPerSec" : 3.0054388289797633,
    "sentKBytesPerSec" : 2.09599161831922
  },
  "POST /api/register" : {
    "transaction" : "POST /api/register",
    "sampleCount" : 1324,
    "errorCount" : 0,
    "errorPct" : 0.0,
    "meanResTime" : 214.92220543806624,
    "medianResTime" : 203.0,
    "minResTime" : 89.0,
    "maxResTime" : 1080.0,
    "pct1ResTime" : 343.0,
    "pct2ResTime" : 370.0,
    "pct3ResTime" : 442.0,
    "throughput" : 7.227192585031414,
    "receivedKBytesPerSec" : 2.7666596614573384,
    "sentKBytesPerSec" : 2.1314571881635618
  },
  "UC_03_GetUserInfo" : {
    "transaction" : "UC_03_GetUserInfo",
    "sampleCount" : 1318,
    "errorCount" : 0,
    "errorPct" : 0.0,
    "meanResTime" : 120.7420333839149,
    "medianResTime" : 103.0,
    "minResTime" : 9.0,
    "maxResTime" : 449.0,
    "pct1ResTime" : 246.0,
    "pct2ResTime" : 274.0,
    "pct3ResTime" : 336.2399999999998,
    "throughput" : 7.275537523115564,
    "receivedKBytesPerSec" : 3.0054222385526206,
    "sentKBytesPerSec" : 2.095980048163175
  }
}